{
    "layout": {
        "pages": [
            {
                "id": "SolarWinds",
                "title": "SolarWinds IPAM endpoint",
                "sections": [
                    {
                        "id": "section_1",
                        "fields": [
                            {
                                "id": "privateKeyId",
                                "display": "textField"
                            },
                            {
                                "id": "privateKey",
                                "display": "passwordField"
                            },
                            {
                                "id": "hostName",
                                "display": "textField"
                            },
                            {
                                "id": "apiPort",
                                "display": "textField"
                            },
                            {
                                "id": "ignoreSslWarning",
                                "display": "checkbox"
                            },
                            {
                                "id": "properties",
                                "display": "datagrid",
                                "state": {
                                    "visible": true,
                                    "read-only": false,
                                    "hidden-fields": []
                                }
                            }
                        ]
                    }
                ]
            }
        ]
    },
    "schema": {
        "privateKeyId": {
            "type": {
                "dataType": "string"
            },
            "label": "Username",
            "constraints": {
                "required": true
            },
            "default": "vra"
        },
        "privateKey": {
            "label": "Password",
            "type": {
                "dataType": "secureString"
            },
            "constraints": {
                "required": true
            },
            "default": "Qwerty123456!"
        },
        "hostName": {
            "type": {
                "dataType": "string"
            },
            "label": "Hostname",
            "constraints": {
                "required": true
            },
            "default": "192.168.3.159"
        },
        "apiPort": {
            "type": {
                "dataType": "string"
            },
            "label": "REST API Port",
            "constraints": {
                "required": true
            },
            "default": "17774"
        },
        "ignoreSslWarning": {
            "type": {
                "dataType": "boolean"
            },
            "label": "Ignore certificate warnings?",
            "constraints": {
                "required": false
            },
            "default": false
        },
        "properties": {
            "type": {
                "dataType": "complex",
                "isMultiple": true,
                "fields": [
                    {
                        "label": "Key",
                        "id": "prop_key",
                        "type": {
                            "dataType": "string"
                        },
                        "constraints": {}
                    },
                    {
                        "label": "Value",
                        "id": "prop_value",
                        "type": {
                            "dataType": "string"
                        },
                        "constraints": {}
                    }
                ]
            },
            "placeholder": "",
            "default": [
                {
                    "prop_key": "SolarWinds.dnsServers",
                    "prop_value": "192.168.83.3"
                },
                {
                    "prop_key": "SolarWinds.dnsDomain",
                    "prop_value": "zabedu.ru"
                }
            ],
            "constraints": {}
        },
        "options": {
            "type": {
                "dataType": "string"
            }
        }
    }
}